<application>
  <component name="FeatureSuggesterSettings">
    <option name="workingDays">
      <list>
        <option value="1651480813610" />
        <option value="1651658520788" />
        <option value="1652182244233" />
        <option value="1652254619230" />
        <option value="1652345359010" />
        <option value="1652428247660" />
        <option value="1653391304656" />
        <option value="1654080027026" />
        <option value="1654165742116" />
        <option value="1655195310705" />
        <option value="1658745372507" />
      </list>
    </option>
  </component>
</application>