<application>
  <component name="FileTypeManager" version="18">
    <ignoreFiles list="*$py.class;*.bin;*.pyc;*.pyo;*.rbc;*.run;*.sig;*.yarb;*~;.DS_Store;.git;.hg;.idea;.mypy_cache;.pytest_cache;.svn;.vscode;CVS;__pycache__;_svn;vssver.scc;vssver2.scc" />
    <extensionMap>
      <mapping pattern="q5e" type="AUTO_DETECTED" />
      <mapping pattern="q19_4" type="AUTO_DETECTED" />
      <mapping pattern="q19_3" type="AUTO_DETECTED" />
      <mapping pattern="q19_2" type="AUTO_DETECTED" />
      <mapping pattern="q6e" type="AUTO_DETECTED" />
      <mapping pattern="q7_2" type="AUTO_DETECTED" />
      <mapping pattern="q20monster" type="AUTO_DETECTED" />
      <mapping pattern="q7e" type="AUTO_DETECTED" />
      <mapping pattern="q3e" type="AUTO_DETECTED" />
      <mapping pattern="19_3" type="AUTO_DETECTED" />
      <mapping pattern="q20s" type="AUTO_DETECTED" />
      <mapping pattern="q11" type="AUTO_DETECTED" />
      <mapping pattern="q10" type="AUTO_DETECTED" />
      <mapping pattern="q12" type="AUTO_DETECTED" />
      <mapping pattern="q15" type="AUTO_DETECTED" />
      <mapping pattern="q12s" type="AUTO_DETECTED" />
      <mapping pattern="q14" type="AUTO_DETECTED" />
      <mapping pattern="q17" type="AUTO_DETECTED" />
      <mapping pattern="q16" type="AUTO_DETECTED" />
      <mapping pattern="q19" type="AUTO_DETECTED" />
      <mapping pattern="q18" type="AUTO_DETECTED" />
      <mapping pattern="q2" type="AUTO_DETECTED" />
      <mapping pattern="q3" type="AUTO_DETECTED" />
      <mapping pattern="q4" type="AUTO_DETECTED" />
      <mapping pattern="q5" type="AUTO_DETECTED" />
      <mapping pattern="q6" type="AUTO_DETECTED" />
      <mapping pattern="q7" type="AUTO_DETECTED" />
      <mapping pattern="q8" type="AUTO_DETECTED" />
      <mapping pattern="q9" type="AUTO_DETECTED" />
      <mapping pattern="q20" type="AUTO_DETECTED" />
      <mapping pattern="q11s" type="AUTO_DETECTED" />
      <mapping ext="nsi" type="PLAIN_TEXT" />
      <mapping pattern="debug" type="Python" />
      <removed_mapping ext="txt" approved="true" type="PLAIN_TEXT" />
    </extensionMap>
  </component>
</application>