<keymap version="1" name="Default copy" parent="$default">
  <action id="CloseAllToTheRight">
    <keyboard-shortcut first-keystroke="shift ctrl w" />
  </action>
  <action id="CloseContent">
    <keyboard-shortcut first-keystroke="ctrl f4" />
    <keyboard-shortcut first-keystroke="ctrl w" />
  </action>
  <action id="Diff.ShowSettingsPopup" />
  <action id="EditorSelectWord">
    <keyboard-shortcut first-keystroke="alt w" />
  </action>
  <action id="EditorUnSelectWord">
    <keyboard-shortcut first-keystroke="shift alt w" />
  </action>
  <action id="GoToTab1">
    <keyboard-shortcut first-keystroke="ctrl alt 1" />
  </action>
  <action id="GoToTab2">
    <keyboard-shortcut first-keystroke="ctrl alt 2" />
  </action>
  <action id="GoToTab3">
    <keyboard-shortcut first-keystroke="ctrl alt 3" />
  </action>
  <action id="GoToTab4">
    <keyboard-shortcut first-keystroke="ctrl alt 4" />
  </action>
  <action id="GoToTab5">
    <keyboard-shortcut first-keystroke="ctrl alt 5" />
  </action>
  <action id="GoToTab6">
    <keyboard-shortcut first-keystroke="ctrl alt 6" />
  </action>
  <action id="GoToTab7">
    <keyboard-shortcut first-keystroke="ctrl alt 7" />
  </action>
  <action id="GoToTab8">
    <keyboard-shortcut first-keystroke="ctrl alt 8" />
  </action>
  <action id="GotoDeclaration">
    <keyboard-shortcut first-keystroke="ctrl b" />
    <mouse-shortcut keystroke="control button1" />
    <mouse-shortcut keystroke="button2" />
    <keyboard-shortcut first-keystroke="shift ctrl d" />
  </action>
  <action id="OptimizeImports">
    <keyboard-shortcut first-keystroke="shift ctrl alt o" />
  </action>
  <action id="RevealIn">
    <keyboard-shortcut first-keystroke="ctrl alt o" />
  </action>
  <action id="SearchEverywhere">
    <keyboard-shortcut first-keystroke="ctrl t" />
  </action>
  <action id="Vcs.UpdateProject" />
  <action id="tasks.close" />
</keymap>