<keymap version="1" name="Default copy" parent="$default">
  <action id="Diff.ShowSettingsPopup" />
  <action id="GotoDeclaration">
    <keyboard-shortcut first-keystroke="ctrl b" />
    <mouse-shortcut keystroke="control button1" />
    <mouse-shortcut keystroke="button2" />
    <keyboard-shortcut first-keystroke="shift ctrl d" />
  </action>
  <action id="OptimizeImports">
    <keyboard-shortcut first-keystroke="shift ctrl alt o" />
  </action>
  <action id="RevealIn">
    <keyboard-shortcut first-keystroke="ctrl alt o" />
  </action>
</keymap>